;sars_cov2_rna [gc/(d*100000 capita)];median_7d_sars_cov2_rna [gc/(d*100000 capita)];new_cases [1/(d*100000 capita)];median_7d_new_cases [1/(d*100000 capita)];quantification_flag [{Q: >LOQ,D: >LOD,N: <LOD}];flow [m^3/d]
2020-10-01;;;11.472886400410827;;;
2020-10-02;;;13.986495797649695;;;
2020-10-03;;;9.423126413603352;;;
2020-10-04;;;5.362109976071948;;;
2020-10-05;;;18.55768233020712;;;
2020-10-06;;;20.264371185844155;;;
2020-10-07;;;21.819869265623513;13.986495797649695;;
2020-10-08;;;23.502033970750666;18.55768233020712;;
2020-10-09;;;29.332806397488994;20.264371185844155;;
2020-10-10;;;24.824286612022462;21.819869265623513;;
2020-10-11;;;17.058895827753442;21.819869265623513;;
2020-10-12;;;40.28330236336551;23.502033970750666;;
2020-10-13;;;47.32036133793448;24.824286612022462;;
2020-10-14;;;50.11470949441199;29.332806397488994;;
2020-10-15;;;51.98062067729004;40.28330236336551;;
2020-10-16;;;66.49962781364896;47.32036133793448;;
2020-10-17;;;36.17785157081796;47.32036133793448;;
2020-10-18;;;25.79935295315547;47.32036133793448;;
2020-10-19;;;80.73163280290235;50.11470949441199;;
2020-10-20;;;98.55147533816913;51.98062067729004;;
2020-10-21;;;113.04596546037703;66.49962781364896;;
2020-10-22;;;137.6791948465041;80.73163280290235;;
2020-10-23;;;150.01127510176616;98.55147533816913;;
2020-10-24;;;76.68319554597352;98.55147533816913;;
2020-10-25;;;62.0861952980603;98.55147533816913;;
2020-10-26;;;202.08069892489777;113.04596546037703;;
2020-10-27;;;217.20902439288935;137.6791948465041;;
2020-10-28;;;191.6656001469771;150.01127510176616;;
2020-10-29;;;203.7822397010875;191.6656001469771;;
2020-10-30;;;176.30915233381512;191.6656001469771;;
2020-10-31;;;88.24275880700621;191.6656001469771;;138929.0
2020-11-01;;;59.166700717841564;191.6656001469771;;
2020-11-02;;;192.35216199357637;191.6656001469771;;
2020-11-03;;;215.15963695987568;191.6656001469771;;124562.0
2020-11-04;;;174.18402812044152;176.30915233381512;;
2020-11-05;;;163.17050750712195;174.18402812044152;;126020.0
2020-11-06;;;157.7673399952631;163.17050750712195;;
2020-11-07;;;76.79734679738186;163.17050750712195;;
2020-11-08;;;48.29777934174615;163.17050750712195;;131236.0
2020-11-09;;;164.28825748664698;163.17050750712195;;
2020-11-10;;;141.51767919144876;157.7673399952631;;125930.0
2020-11-11;;;114.81385901485487;141.51767919144876;;
2020-11-12;;;104.23754972320049;114.81385901485487;;123397.0
2020-11-13;;;93.4309142176014;104.23754972320049;;
2020-11-14;;;41.59229910065055;104.23754972320049;;
2020-11-15;;;31.347965208036815;104.23754972320049;;255411.0
2020-11-16;;;83.27321416159957;93.4309142176014;;
2020-11-17;;;62.841241128801975;83.27321416159957;;131320.0
2020-11-18;;;54.08999010782011;62.841241128801975;;
2020-11-19;;;54.83687422610128;54.83687422610128;;134531.0
2020-11-20;;;38.698371624119304;54.08999010782011;;
2020-11-21;;;23.821967868676833;54.08999010782011;;
2020-11-22;;;18.181923423592927;54.08999010782011;;116342.0
2020-11-23;;;44.94028828986367;44.94028828986367;;
2020-11-24;;;51.38511919313103;44.94028828986367;;123311.0
2020-11-25;;;32.186194746896106;38.698371624119304;;
2020-11-26;;;37.046936337215094;37.046936337215094;;123422.0
2020-11-27;;;33.94606838641701;33.94606838641701;;
2020-11-28;;;19.398686210491597;33.94606838641701;;
2020-11-29;;;10.26246205267713;33.94606838641701;;125849.0
2020-11-30;;;38.55299609979392;33.94606838641701;;
2020-12-01;;;33.617583410621755;33.617583410621755;;
2020-12-02;;;29.570751644085163;33.617583410621755;;
2020-12-03;;;32.60386672451308;32.60386672451308;;
2020-12-04;;;23.581282550230092;29.570751644085163;;
2020-12-05;;;13.37360937731727;29.570751644085163;;
2020-12-06;;;9.527303286399524;29.570751644085163;;
2020-12-07;;;33.662540081147306;29.570751644085163;;
2020-12-08;;;30.034517146961626;29.570751644085163;;
2020-12-09;;;26.575406283271835;26.575406283271835;;
2020-12-10;;;23.231083312120518;23.581282550230092;;
2020-12-11;;;23.007868796359215;23.231083312120518;;
2020-12-12;;;15.074574802278145;23.231083312120518;;
2020-12-13;;;12.321701105205955;23.231083312120518;;
2020-12-14;;;33.29303770715695;23.231083312120518;;
2020-12-15;;;30.480985470514927;23.231083312120518;;
2020-12-16;;;24.79893785568352;23.231083312120518;;
2020-12-17;;;27.75697301287599;24.79893785568352;;
2020-12-18;;;28.138625874613467;27.75697301287599;;
2020-12-19;;;18.404203870987736;27.75697301287599;;
2020-12-20;;;14.286441708299117;27.75697301287599;;
2020-12-21;;;28.59244519457867;27.75697301287599;;
2020-12-22;;;27.732270747790363;27.732270747790363;;
2020-12-23;;;25.533399627244773;27.732270747790363;;
2020-12-24;;;18.702578140252474;25.533399627244773;;
2020-12-25;;;6.856615130231909;18.702578140252474;;
2020-12-26;;;14.667712644237898;18.702578140252474;;
2020-12-27;;;12.139145680001596;18.702578140252474;;
2020-12-28;;;27.93387420617968;18.702578140252474;;
2020-12-29;;;28.08831389575692;18.702578140252474;;
2020-12-30;;;27.731458376035643;18.702578140252474;;
2020-12-31;;;17.76785579198311;17.76785579198311;;
2021-01-01;;;8.544168802335697;17.76785579198311;;
2021-01-02;;;20.73485331063747;20.73485331063747;;
2021-01-03;;;10.689707303036272;20.73485331063747;;
2021-01-04;;;22.098460673659883;20.73485331063747;;
2021-01-05;;;24.888648507761676;20.73485331063747;;
2021-01-06;;;22.02301624274245;20.73485331063747;;
2021-01-07;;;22.214088321295524;22.02301624274245;;
2021-01-08;;;20.009277802249372;22.02301624274245;;
2021-01-09;;;13.772649583527937;22.02301624274245;;
2021-01-10;;;10.703253258841317;22.02301624274245;;
2021-01-11;;;25.693197489436017;22.02301624274245;;
2021-01-12;;;22.478757104816378;22.02301624274245;;
2021-01-13;;;21.361579621091217;21.361579621091217;;
2021-01-14;;;26.444493688173875;21.361579621091217;;
2021-01-15;;;23.5773853833026;22.478757104816378;;
2021-01-16;;;14.596598134895777;22.478757104816378;;
2021-01-17;;;7.528334527891343;22.478757104816378;;
2021-01-18;;;29.85259056468875;22.478757104816378;;
2021-01-19;;;23.520321530155762;23.520321530155762;;
2021-01-20;;;21.134811588171882;23.520321530155762;;
2021-01-21;;;22.942715393418347;22.942715393418347;;
2021-01-22;;;21.093802251583213;21.134811588171882;;
2021-01-23;;;11.479054571895938;21.134811588171882;;
2021-01-24;;;10.454500751486925;21.134811588171882;;
2021-01-25;;;29.97902284564525;21.134811588171882;;
2021-01-26;;;22.386805441252317;21.134811588171882;;
2021-01-27;;;23.038635802209527;22.386805441252317;;
2021-01-28;;;24.081943891927548;22.386805441252317;;
2021-01-29;;;24.855686197210535;23.038635802209527;;
2021-01-30;;;14.215318285148893;23.038635802209527;;
2021-01-31;;;11.204489181465831;23.038635802209527;;
2021-02-01;;;24.8736916490877;23.038635802209527;;
2021-02-02;;;23.55729693362345;23.55729693362345;;
2021-02-03;;;19.451075896859248;23.55729693362345;;
2021-02-04;;;23.145966035889867;23.145966035889867;;
2021-02-05;;;23.15282650502135;23.145966035889867;;
2021-02-06;;;12.885741793961985;23.145966035889867;;
2021-02-07;;;6.733116904360837;23.145966035889867;;
2021-02-08;;;23.65499462780922;23.145966035889867;;
2021-02-09;;;20.401395957243825;20.401395957243825;;
2021-02-10;;;17.328869104037224;20.401395957243825;;
2021-02-11;;;17.771148732433023;17.771148732433023;;
2021-02-12;;;13.970208676519741;17.328869104037224;;
2021-02-13;;;14.098315469563119;17.328869104037224;;
2021-02-14;;;6.811064718629571;17.328869104037224;;
2021-02-15;;;16.397895449243087;16.397895449243087;;
2021-02-16;;;19.08449699073203;16.397895449243087;;
2021-02-17;;;18.140650856296663;16.397895449243087;;
2021-02-18;;;12.958382576570873;14.098315469563119;;
2021-02-19;;;13.78892353426847;14.098315469563119;;
2021-02-20;;;10.852509539124911;13.78892353426847;;
2021-02-21;;;8.745431242819924;13.78892353426847;;
2021-02-22;;;18.68720886245465;13.78892353426847;;
2021-02-23;;;20.783316651577902;13.78892353426847;;
2021-02-24;;;15.993529759546318;13.78892353426847;;
2021-02-25;;;19.433480203465916;15.993529759546318;;
2021-02-26;;;12.782044967472457;15.993529759546318;;
2021-02-27;;;10.717645388924918;15.993529759546318;;
2021-02-28;;;5.4741599637869625;15.993529759546318;;
2021-03-01;;;25.84388992874709;15.993529759546318;;
2021-03-02;;;16.027561908577574;15.993529759546318;;
2021-03-03;;;17.032753487939686;16.027561908577574;;
2021-03-04;;;15.623790183522184;15.623790183522184;;
2021-03-05;;;19.02610564865828;16.027561908577574;;
2021-03-06;;;14.182629969608499;16.027561908577574;;
2021-03-07;;;8.620139639330546;16.027561908577574;;
2021-03-08;;;22.76482570373043;16.027561908577574;;
2021-03-09;;;16.253374534886035;16.253374534886035;;
2021-03-10;;;17.757961347673934;16.253374534886035;;
2021-03-11;;;20.494187092575665;17.757961347673934;;
2021-03-12;;;23.4660227947345;17.757961347673934;;
2021-03-13;;;15.990539087280943;17.757961347673934;;
2021-03-14;;;9.862900323393934;17.757961347673934;;
2021-03-15;;;26.15732302427557;17.757961347673934;;
2021-03-16;;;21.262357380177125;20.494187092575665;;
2021-03-17;;;26.253580606103537;21.262357380177125;;
2021-03-18;;;26.464818509820244;23.4660227947345;;
2021-03-19;;;25.55503301451399;25.55503301451399;;
2021-03-20;;;16.984863528203448;25.55503301451399;;
2021-03-21;;;14.213756000274476;25.55503301451399;;
2021-03-22;;;29.29775406566601;25.55503301451399;;
2021-03-23;;;28.635678735465536;26.253580606103537;;
2021-03-24;;;27.032652029457402;26.464818509820244;;
2021-03-25;;;34.764355609368465;27.032652029457402;;
2021-03-26;;;26.192245852434088;27.032652029457402;;
2021-03-27;;;17.895416000584365;27.032652029457402;;
2021-03-28;;;14.569050749162738;27.032652029457402;;
2021-03-29;;;36.19871994439661;27.032652029457402;;
2021-03-30;;;24.47440325740254;26.192245852434088;;
2021-03-31;;;27.300706185213308;26.192245852434088;;
2021-04-01;;;28.253289376697488;26.192245852434088;;
2021-04-02;;;20.05532673411972;24.47440325740254;;
2021-04-03;;;21.382335698838567;24.47440325740254;;
2021-04-04;;;18.923130513025402;24.47440325740254;;
2021-04-05;;;15.53794106306071;21.382335698838567;;
2021-04-06;;;34.69152769655423;21.382335698838567;;
2021-04-07;;;28.071958222196645;21.382335698838567;;
2021-04-08;;;31.804830077627827;21.382335698838567;;
2021-04-09;;;30.52773366373672;28.071958222196645;;
2021-04-10;;;25.77912472248108;28.071958222196645;;
2021-04-11;;;21.08242122446992;28.071958222196645;;
2021-04-12;;;32.143826354502615;30.52773366373672;;
2021-04-13;;;35.24514706344586;30.52773366373672;;
2021-04-14;;;32.23476478127193;31.804830077627827;;
2021-04-15;;;29.389474156154336;30.52773366373672;;
2021-04-16;;;28.21087262573295;29.389474156154336;;
2021-04-17;;;17.379333755376063;29.389474156154336;;
2021-04-18;;;13.040585174789882;29.389474156154336;;
2021-04-19;;;33.69058747241412;29.389474156154336;;
2021-04-20;;;29.21399175467217;29.21399175467217;;
2021-04-21;;;21.17167190678463;28.21087262573295;;
2021-04-22;;;28.37459710782675;28.21087262573295;;
2021-04-23;;;25.82289143614796;25.82289143614796;;
2021-04-24;;;20.004624659396022;25.82289143614796;;
2021-04-25;;;14.153345453780787;25.82289143614796;;
2021-04-26;;;25.695467391665247;25.695467391665247;;
2021-04-27;;;26.094499155545623;25.695467391665247;;
2021-04-28;;;22.897910932751326;25.695467391665247;;
2021-04-29;;;21.917334184797163;22.897910932751326;;
2021-04-30;;;24.026772818529743;22.897910932751326;;
2021-05-01;;;19.534847378428452;22.897910932751326;;
2021-05-02;;;13.589903834022103;22.897910932751326;;
2021-05-03;;;25.200711944768475;22.897910932751326;;
2021-05-04;;;27.579983637727963;22.897910932751326;;
2021-05-05;;;14.811594385208437;21.917334184797163;;
2021-05-06;;;24.555326873570905;24.026772818529743;;
2021-05-07;;;24.848536085760266;24.555326873570905;;
2021-05-08;;;15.710444357871575;24.555326873570905;;
2021-05-09;;;12.113170781214377;24.555326873570905;;
2021-05-10;;;24.621580039444765;24.555326873570905;;
2021-05-11;;;19.256434047338143;19.256434047338143;;
2021-05-12;;;19.633694311941227;19.633694311941227;;
2021-05-13;;;12.27060638022361;19.256434047338143;;
2021-05-14;;;16.65818625144155;16.65818625144155;;
2021-05-15;;;11.576709326185169;16.65818625144155;;
2021-05-16;;;10.229620679503553;16.65818625144155;;
2021-05-17;;;18.844298126705784;16.65818625144155;;
2021-05-18;;;12.885468930055271;12.885468930055271;;
2021-05-19;;;13.28977102337246;12.885468930055271;;
2021-05-20;;;9.480241323590935;12.885468930055271;;
2021-05-21;;;7.253772942486347;11.576709326185169;;
2021-05-22;;;5.790686104243079;10.229620679503553;;
2021-05-23;;;3.3086150660400953;9.480241323590935;;
2021-05-24;;;8.068877212127383;8.068877212127383;;
2021-05-25;;;11.70041030964803;8.068877212127383;;
2021-05-26;;;4.532360771275712;7.253772942486347;;
2021-05-27;;;6.434272571723285;6.434272571723285;;
2021-05-28;;;6.515956843179399;6.434272571723285;;
2021-05-29;;;5.181857193135461;6.434272571723285;;
2021-05-30;;;4.491018485028919;6.434272571723285;;
2021-05-31;;;9.13664110578147;6.434272571723285;;
2021-06-01;;;8.378611320779775;6.434272571723285;;
2021-06-02;;;2.3865326614590137;6.434272571723285;;
2021-06-03;;;4.5143676154511905;5.181857193135461;;
2021-06-04;;;5.098963512487521;5.098963512487521;;
2021-06-05;;;2.543680535049837;4.5143676154511905;;
2021-06-06;;;1.5276456766813273;4.5143676154511905;;
2021-06-07;;;4.997692744775561;4.5143676154511905;;
2021-06-08;;;4.094007129718375;4.094007129718375;;
2021-06-09;;;3.564393453763079;4.094007129718375;;
2021-06-10;;;3.536531041169088;3.564393453763079;;
2021-06-11;;;4.13842689548466;3.564393453763079;;
2021-06-12;;;1.7596478370678952;3.564393453763079;;
2021-06-13;;;1.2558938267396533;3.564393453763079;;
2021-06-14;;;3.8007559582177697;3.564393453763079;;
2021-06-15;;;2.525460199968568;3.536531041169088;;
2021-06-16;;;2.304489708281408;2.525460199968568;;
2021-06-17;;;3.623369107357489;2.525460199968568;;
2021-06-18;;;1.072288223458345;2.304489708281408;;
2021-06-19;;;0.989822866009549;2.304489708281408;;148382.0
2021-06-20;;;0.6640532415759313;2.304489708281408;;265319.0
2021-06-21;;;1.4644517842004026;1.4644517842004026;;290737.0
2021-06-22;;;0.8696314371661749;1.072288223458345;;201501.0
2021-06-23;;;0.3974380759278484;0.989822866009549;;329714.0
2021-06-24;;;0.8914828950950815;0.8914828950950815;;239718.0
2021-06-25;;;0.4823370070234699;0.8696314371661749;;167756.0
2021-06-26;;;1.5417868521883875;0.8696314371661749;;145258.0
2021-06-27;;;1.8063743135349546;0.8914828950950815;;136700.0
2021-06-28;;;2.1933021685765577;0.8914828950950815;;191891.0
2021-06-29;;;1.2081123312474682;1.2081123312474682;;296296.0
2021-06-30;;;2.219527448641015;1.5417868521883875;;210057.0
2021-07-01;;;2.662098866461105;1.8063743135349546;;148222.0
2021-07-02;;;1.4301693136566977;1.8063743135349546;;148252.0
2021-07-03;;;0.946839704186413;1.8063743135349546;;150565.0
2021-07-04;;;2.030910532105868;2.030910532105868;;142781.0
2021-07-05;;;2.216574589781106;2.030910532105868;;147129.0
2021-07-06;;;2.3646417676212064;2.216574589781106;;370393.0
2021-07-07;;;1.9357977891453857;2.030910532105868;;337802.0
2021-07-08;;;3.440669507338895;2.030910532105868;;435524.0
2021-07-09;;;4.374458548689491;2.216574589781106;;310566.0
2021-07-10;;;3.281642168266666;2.3646417676212064;;274264.0
2021-07-11;;;2.528250932441436;2.528250932441436;;263043.0
2021-07-12;;;8.102805545287325;3.281642168266666;;349613.0
2021-07-13;;;8.902792346122261;3.440669507338895;;385433.0
2021-07-14;;;10.289219549284924;4.374458548689491;;362471.0
2021-07-15;;;17.015096267799397;8.102805545287325;;419109.0
2021-07-16;;;16.399328378758266;8.902792346122261;;423711.0
2021-07-17;;;11.607923682573695;10.289219549284924;;375879.0
2021-07-18;;;12.190490456448067;11.607923682573695;;334781.0
2021-07-19;;;21.502738199220403;12.190490456448067;;340649.0
2021-07-20;;;18.475588734115295;16.399328378758266;;353021.0
2021-07-21;;;25.66477803134774;17.015096267799397;;358391.0
2021-07-22;;;19.801475147807185;18.475588734115295;;341345.0
2021-07-23;;;18.47717073473065;18.47717073473065;;318821.0
2021-07-24;;;13.217130776433194;18.47717073473065;;333609.0
2021-07-25;;;11.905687662554701;18.47717073473065;;295085.0
2021-07-26;;;17.185142180440977;18.475588734115295;;231134.0
2021-07-27;;;15.358114943190245;17.185142180440977;;237116.0
2021-07-28;;;18.30354821801311;17.185142180440977;;248019.0
2021-07-29;;;20.463554980288684;17.185142180440977;;155652.0
2021-07-30;;;17.50415158343497;17.185142180440977;;145527.0
2021-07-31;;;15.79978637185654;17.185142180440977;;276494.0
2021-08-01;;;12.098993436940397;17.185142180440977;;260738.0
2021-08-02;;;16.668979460833032;16.668979460833032;;134829.0
2021-08-03;;;17.440619400094295;17.440619400094295;;175814.0
2021-08-04;;;12.75808103663139;16.668979460833032;;278681.0
2021-08-05;;;19.572810096265588;16.668979460833032;;156341.0
2021-08-06;;;21.983122595297175;16.668979460833032;;151148.0
2021-08-07;;;18.910123345677345;17.440619400094295;;331838.0
2021-08-08;;;9.703946295800305;17.440619400094295;;161751.0
2021-08-09;;;22.76357983801528;18.910123345677345;;161076.0
2021-08-10;;;19.070571322639125;19.070571322639125;;154506.0
2021-08-11;;;19.683105575612423;19.572810096265588;;145693.0
2021-08-12;;;29.3736627207147;19.683105575612423;;159750.0
2021-08-13;;;24.662262004422598;19.683105575612423;;134234.0
2021-08-14;;;18.283160251543368;19.683105575612423;;125436.0
2021-08-15;;;18.471981791659932;19.683105575612423;;125416.0
2021-08-16;;;27.167582027177485;19.683105575612423;;136111.0
2021-08-17;;;25.5526599405451;24.662262004422598;;131764.0
2021-08-18;;;15.602835414402428;24.662262004422598;;124440.0
2021-08-19;;;25.130189715585992;24.662262004422598;;130568.0
2021-08-20;;;23.694542945430317;23.694542945430317;;127518.0
2021-08-21;;;17.17480141266261;23.694542945430317;;116274.0
2021-08-22;;;7.294909274831719;23.694542945430317;;114696.0
2021-08-23;;;25.1812124903989;23.694542945430317;;108588.0
2021-08-24;;;24.456686914388044;23.694542945430317;;123337.0
2021-08-25;;;18.880951716688323;23.694542945430317;;115991.0
2021-08-26;;;28.069441356350897;23.694542945430317;;123579.0
2021-08-27;;;23.392890384730315;23.392890384730315;;117924.0
2021-08-28;;;17.39469726476467;23.392890384730315;;110958.0
2021-08-29;;;10.568159751289922;23.392890384730315;;116427.0
2021-08-30;;;18.90804403337089;18.90804403337089;;117580.0
2021-08-31;;;21.75452846021546;18.90804403337089;;116958.0
2021-09-01;;;18.337091825283164;18.90804403337089;;117708.0
2021-09-02;;;21.913504620703854;18.90804403337089;;116409.0
2021-09-03;;;20.850824214037644;18.90804403337089;;108114.0
2021-09-04;;;14.926896560425526;18.90804403337089;;105278.0
2021-09-05;;;9.194587394941243;18.90804403337089;;109047.0
2021-09-06;;;21.410764365131893;20.850824214037644;;117585.0
2021-09-07;;;14.397240367354255;18.337091825283164;;113292.0
2021-09-08;;;19.53307356824586;19.53307356824586;;109439.0
2021-09-09;;;17.16672281310664;17.16672281310664;;100897.0
2021-09-10;;;19.29680205015373;17.16672281310664;;104647.0
2021-09-11;;;8.7684548299913;17.16672281310664;;100090.0
2021-09-12;;;6.355334552239962;17.16672281310664;;107209.0
2021-09-13;;;21.07292974980687;17.16672281310664;;118791.0
2021-09-14;;;10.018948456186873;17.16672281310664;;116277.0
2021-09-15;;;5.476982376026792;10.018948456186873;;134853.0
2021-09-16;;;13.220164795881098;10.018948456186873;;129556.0
2021-09-17;;;13.405253497900485;10.018948456186873;;115953.0
2021-09-18;;;8.916806120800139;10.018948456186873;;246558.0
2021-09-19;;;3.8992417685066108;10.018948456186873;;156748.0
2021-09-20;;;13.654598161457905;10.018948456186873;;120661.0
2021-09-21;;;11.230958166858873;11.230958166858873;;120727.0
2021-09-22;;;5.8808390202115675;11.230958166858873;;114122.0
2021-09-23;;;8.528164043287417;8.916806120800139;;145029.0
2021-09-24;;;11.000554606205355;8.916806120800139;;121838.0
2021-09-25;;;8.549897155859938;8.549897155859938;;134867.0
2021-09-26;;;4.946351658251636;8.549897155859938;;154427.0
2021-09-27;;;6.7240502157066295;8.528164043287417;;123730.0
2021-09-28;;;8.040656981081124;8.040656981081124;;127842.0
2021-09-29;;;3.6426225189310517;8.040656981081124;;124500.0
2021-09-30;;;9.16251919224563;8.040656981081124;;125733.0
2021-10-01;;;8.475732838097178;8.040656981081124;;116071.0
2021-10-02;;;4.702720451290587;6.7240502157066295;;112180.0
2021-10-03;;;2.4393490020386435;6.7240502157066295;;343477.0
2021-10-04;;;6.173063295342109;6.173063295342109;;299701.0
2021-10-05;;;7.649541063946114;6.173063295342109;;168264.0
2021-10-06;;;5.131490945633961;6.173063295342109;;146749.0
2021-10-07;;;9.8706221404207;6.173063295342109;;127528.0
2021-10-08;;;8.155550422669894;6.173063295342109;;125442.0
2021-10-09;;;4.809670379462161;6.173063295342109;;123436.0
2021-10-10;;;3.9926576894045875;6.173063295342109;;123655.0
2021-10-11;;;7.709401491020894;7.649541063946114;;132227.0
2021-10-12;;;8.77747325746894;7.709401491020894;;129905.0
2021-10-13;;;7.376415710614448;7.709401491020894;;131428.0
2021-10-14;;;11.98195529372182;7.709401491020894;;132036.0
2021-10-15;;;11.148556259697944;7.709401491020894;;126665.0
2021-10-16;;;7.1425282078752295;7.709401491020894;;121360.0
2021-10-17;;;9.586395618576667;8.77747325746894;;123118.0
2021-10-18;;;8.831210009053258;8.831210009053258;;129888.0
2021-10-19;;;12.466797384072905;9.586395618576667;;126522.0
2021-10-20;;;12.971049609204664;11.148556259697944;;158739.0
2021-10-21;;;14.84145328053372;11.148556259697944;;131834.0
2021-10-22;;;8.168220100449123;9.586395618576667;;123671.0
2021-10-23;;;9.155837731948266;9.586395618576667;;118059.0
2021-10-24;;;6.275159994776114;9.155837731948266;;114908.0
2021-10-25;;;11.524430186975259;11.524430186975259;;121776.0
2021-10-26;;;11.723110042477273;11.524430186975259;;120583.0
2021-10-27;;;7.452415943033086;9.155837731948266;;122422.0
2021-10-28;;;13.865855324932323;9.155837731948266;;117127.0
2021-10-29;;;10.27144568155105;10.27144568155105;;115064.0
2021-10-30;;;7.862537717117744;10.27144568155105;;160702.0
2021-10-31;;;10.662537119469821;10.662537119469821;;291814.0
2021-11-01;;;12.89156740693847;10.662537119469821;;267643.0
2021-11-02;;;12.649959058903736;10.662537119469821;;138372.0
2021-11-03;;;12.26131809257345;12.26131809257345;;184012.0
2021-11-04;;;13.47457895925148;12.26131809257345;;127403.0
2021-11-05;;;15.477272591644882;12.649959058903736;;124862.0
2021-11-06;;;9.45643880417291;12.649959058903736;;122296.0
2021-11-07;;;6.238759913761618;12.649959058903736;;127637.0
2021-11-08;;;14.485903964619242;12.649959058903736;;128227.0
2021-11-09;;;17.982180874823747;13.47457895925148;;124130.0
2021-11-10;3699226328907.5874;;14.989836576495613;14.485903964619242;Q;133841.0
2021-11-11;3060878609215.3066;;21.39115910937178;14.989836576495613;Q;124919.0
2021-11-12;4732707242195.024;;19.44108090160723;14.989836576495613;Q;120591.0
2021-11-13;2234927362964.974;;13.67490275382882;14.989836576495613;Q;118131.0
2021-11-14;4365893281522.2656;;9.426709954822245;14.989836576495613;Q;127342.0
2021-11-15;2116342309983.5056;;29.273256696423633;17.982180874823747;Q;125060.0
2021-11-16;5244143448717.903;3699226328907.5874;31.046923093779814;19.44108090160723;Q;126267.0
2021-11-17;8392904483767.601;4365893281522.2656;20.873279254312475;20.873279254312475;Q;127393.0
2021-11-18;7484230772482.951;4732707242195.024;28.579409488435513;20.873279254312475;Q;124981.0
2021-11-19;6990014022805.168;5244143448717.903;36.11204357960117;28.579409488435513;Q;117740.0
2021-11-20;7204759004906.226;6990014022805.168;30.767340267524922;29.273256696423633;Q;117760.0
2021-11-21;10512637754648.422;7204759004906.226;20.584667953454296;29.273256696423633;Q;123970.0
2021-11-22;9789516410609.74;7484230772482.951;47.138067943714844;30.767340267524922;Q;120353.0
2021-11-23;10893438956731.018;8392904483767.601;51.511653516936676;30.767340267524922;Q;120611.0
2021-11-24;11512276246267.395;9789516410609.74;40.25240604199915;36.11204357960117;Q;122100.0
2021-11-25;9743680805831.273;9789516410609.74;67.93855172642778;40.25240604199915;Q;118302.0
2021-11-26;12623243317183.594;10512637754648.422;59.13710606701183;47.138067943714844;Q;129022.0
2021-11-27;13434782891799.914;10893438956731.018;46.90178671937774;47.138067943714844;Q;129874.0
2021-11-28;9726663876361.715;10893438956731.018;33.617332048759216;47.138067943714844;Q;122869.0
2021-11-29;6536199929168.026;10893438956731.018;108.87778538905773;51.511653516936676;Q;125396.0
2021-11-30;12802972389765.791;11512276246267.395;96.28991371070742;59.13710606701183;Q;124388.0
2021-12-01;11907212467804.604;11907212467804.604;47.886933107702795;59.13710606701183;Q;162257.0
2021-12-02;11315593720216.512;11907212467804.604;97.48924876541433;59.13710606701183;Q;134181.0
2021-12-03;11642208845094.914;11642208845094.914;91.31949944994255;91.31949944994255;Q;247726.0
2021-12-04;13239897484615.447;11642208845094.914;61.61391694243322;91.31949944994255;Q;329423.0
2021-12-05;12316789236433.393;11907212467804.604;39.70459084801813;91.31949944994255;Q;163016.0
2021-12-06;4378485386426.264;11907212467804.604;70.85092573892526;70.85092573892526;Q;144143.0
2021-12-07;6646179841941.468;11642208845094.914;125.7098737391289;70.85092573892526;Q;187444.0
2021-12-08;11660207529655.32;11642208845094.914;65.88801851823158;70.85092573892526;Q;269848.0
2021-12-09;11870759262104.531;11660207529655.32;106.14571186508208;70.85092573892526;Q;174054.0
2021-12-10;20082059444493.906;11870759262104.531;99.65386667360234;70.85092573892526;Q;312069.0
2021-12-11;;11765483395879.928;69.90155493159145;70.85092573892526;N;181727.0
2021-12-12;;11660207529655.32;40.60853679851075;70.85092573892526;N;161342.0
2021-12-13;16377844918071.676;11870759262104.531;83.83219910529891;83.83219910529891;Q;163152.0
2021-12-14;20536623553388.883;16377844918071.676;114.56383918179787;83.83219910529891;Q;160760.0
2021-12-15;15950526446291.607;16377844918071.676;68.57723641402391;83.83219910529891;Q;160222.0
2021-12-16;16328262338745.564;16377844918071.676;96.72719025568264;83.83219910529891;Q;156077.0
2021-12-17;16794819018523.807;16377844918071.676;100.87530261570575;83.83219910529891;Q;152510.0
2021-12-18;19059492396583.395;16586331968297.74;66.98576877001844;83.83219910529891;Q;142603.0
2021-12-19;22034811999908.746;16794819018523.807;44.19609286341974;83.83219910529891;Q;141031.0
2021-12-20;19431900427767.457;19059492396583.395;94.2336940219713;94.2336940219713;Q;153844.0
2021-12-21;20868913557187.055;19059492396583.395;155.31146752226238;94.2336940219713;Q;151408.0
2021-12-22;24861974906148.293;19431900427767.457;101.68577971361597;96.72719025568264;Q;146422.0
2021-12-23;23221582638112.79;20868913557187.055;159.23067317291282;100.87530261570575;Q;143238.0
2021-12-24;23759527069115.01;22034811999908.746;137.2272219775063;101.68577971361597;Q;140013.0
2021-12-25;20698442957315.92;22034811999908.746;64.96122583344216;101.68577971361597;Q;144590.0
2021-12-26;23131771171821.836;23131771171821.836;81.47750135134837;101.68577971361597;Q;139743.0
2021-12-27;24307846386897.484;23221582638112.79;168.15020492240538;137.2272219775063;Q;279874.0
2021-12-28;28076311421313.33;23759527069115.01;277.9476030533168;137.2272219775063;Q;328557.0
2021-12-29;26808946285372.008;23759527069115.01;194.918097007112;159.23067317291282;Q;406580.0
2021-12-30;17157703288570.281;23759527069115.01;307.9153856312158;168.15020492240538;Q;197715.0
2021-12-31;18400831933167.492;23131771171821.836;188.2514468303632;188.2514468303632;Q;170617.0
2022-01-01;15976487886389.477;23131771171821.836;115.53216280593486;188.2514468303632;Q;145431.0
2022-01-02;21282567247050.82;21282567247050.82;133.3264498894351;188.2514468303632;Q;144222.0
2022-01-03;20087280760205.13;20087280760205.13;217.33069911747324;194.918097007112;Q;157576.0
2022-01-04;61309005279830.0;20087280760205.13;422.10377561640746;194.918097007112;Q;217154.0
2022-01-05;;19244056346686.312;257.2128686170648;217.33069911747324;N;161718.0
2022-01-06;20153241136995.16;20120260948600.145;338.30874634272675;217.33069911747324;Q;146465.0
2022-01-07;14900506946629.346;20120260948600.145;357.0971421295302;257.2128686170648;Q;154481.0
2022-01-08;30951573885302.926;20717904192022.992;227.72092747431776;257.2128686170648;Q;206998.0
2022-01-09;29376869523833.08;24765055330414.12;135.44015021105827;257.2128686170648;Q;188171.0
2022-01-10;30383065376133.58;29879967449983.33;248.07823298750915;257.2128686170648;Q;167187.0
2022-01-11;30208595413618.844;29792732468725.96;426.4943538208517;257.2128686170648;Q;154678.0
2022-01-12;24274374934903.8;29376869523833.08;199.40026188267953;248.07823298750915;Q;153030.0
2022-01-13;32447331147709.34;30208595413618.844;381.6703594387422;248.07823298750915;Q;150651.0
2022-01-14;35987605196423.84;30383065376133.58;353.9038480690438;248.07823298750915;Q;148376.0
2022-01-15;19422712700339.277;30208595413618.844;214.6844980554307;248.07823298750915;Q;139547.0
2022-01-16;35412128091477.875;30383065376133.58;138.63844424719605;248.07823298750915;Q;145724.0
2022-01-17;23156010708514.875;30208595413618.844;303.56693677106324;303.56693677106324;Q;149257.0
2022-01-18;25245615593814.516;25245615593814.516;490.4041561034241;303.56693677106324;Q;144911.0
2022-01-19;21532063982376.863;25245615593814.516;237.50104923733485;303.56693677106324;Q;148565.0
2022-01-20;16903349865599.06;23156010708514.875;482.5675214411727;303.56693677106324;Q;146030.0
2022-01-21;21348315180014.875;21532063982376.863;469.9136668909691;303.56693677106324;Q;140611.0
2022-01-22;21552547532739.945;21552547532739.945;277.09524981461846;303.56693677106324;Q;133741.0
2022-01-23;18890254319568.625;21532063982376.863;190.8207562504012;303.56693677106324;Q;139961.0
2022-01-24;26741537860261.582;21532063982376.863;310.19577674529796;310.19577674529796;Q;140806.0
2022-01-25;24485321153736.004;21532063982376.863;476.89130428469286;310.19577674529796;Q;138076.0
2022-01-26;26365820035735.695;21552547532739.945;271.6374432157;310.19577674529796;Q;139376.0
2022-01-27;20295430767759.15;21552547532739.945;400.07593261630336;310.19577674529796;Q;139837.0
2022-01-28;20628508750130.785;21552547532739.945;355.2950266772325;310.19577674529796;Q;135391.0
2022-01-29;17479688288168.654;20628508750130.785;218.78824891150606;310.19577674529796;Q;129544.0
2022-01-30;16158591619293.945;20628508750130.785;144.80400340437964;310.19577674529796;Q;135842.0
2022-01-31;22418228032572.09;20628508750130.785;250.203549933484;271.6374432157;Q;145219.0
2022-02-01;22933344284896.844;20628508750130.785;328.2419196429164;271.6374432157;Q;134825.0
2022-02-02;16466716777070.164;20295430767759.15;189.1695265477421;250.203549933484;Q;140293.0
2022-02-03;13506668038129.828;17479688288168.654;234.533273939673;234.533273939673;Q;133901.0
2022-02-04;9308987358892.78;16466716777070.164;200.57021897819916;218.78824891150606;Q;132015.0
2022-02-05;10830463266701.938;16158591619293.945;140.6409848263833;200.57021897819916;Q;127485.0
2022-02-06;14091411577506.273;14091411577506.273;85.96345500707217;200.57021897819916;Q;200079.0
2022-02-07;6885913159620.991;13506668038129.828;152.41065994497214;189.1695265477421;Q;153744.0
2022-02-08;9194068172002.203;10830463266701.938;141.96201231818776;152.41065994497214;Q;131996.0
2022-02-09;7734999716357.85;9308987358892.78;93.10721853771048;141.96201231818776;Q;134793.0
2022-02-10;5865813032667.909;9194068172002.203;139.2878147247167;140.6409848263833;Q;142232.0
2022-02-11;6729989630982.788;7734999716357.85;102.49370547467635;139.2878147247167;Q;148955.0
2022-02-12;5385304444544.332;6885913159620.991;73.23965568617729;102.49370547467635;Q;130494.0
2022-02-13;4637204102041.061;6729989630982.788;41.350336883066866;102.49370547467635;Q;127090.0
2022-02-14;6500444435754.11;6500444435754.11;93.12895121643487;93.12895121643487;Q;173850.0
2022-02-15;5733037179212.71;5865813032667.909;78.9478607989446;93.10721853771048;Q;137205.0
2022-02-16;11240865467730.645;5865813032667.909;54.607228905795196;78.9478607989446;Q;212945.0
2022-02-17;12464558944211.264;6500444435754.11;68.47660742721423;73.23965568617729;Q;162075.0
2022-02-18;7336149562174.388;6500444435754.11;63.21744146038589;68.47660742721423;Q;141821.0
2022-02-19;8904834409217.31;7336149562174.388;40.91229267925564;63.21744146038589;Q;134782.0
2022-02-20;13459181539296.791;8904834409217.31;35.29352068415192;63.21744146038589;Q;151846.0
2022-02-21;9417474782497.494;9417474782497.494;73.40614227783546;63.21744146038589;Q;193069.0
2022-02-22;9439933481254.668;9439933481254.668;71.57970294020643;63.21744146038589;Q;152866.0
2022-02-23;;;54.324709638290194;63.21744146038589;;146547.0
2022-02-24;;;63.70024420115501;63.21744146038589;;143015.0
2022-02-25;;;60.915666620920774;60.915666620920774;;143187.0
2022-02-26;;;41.883708075551546;60.915666620920774;;133800.0
2022-02-27;;;28.255889056623825;60.915666620920774;;145118.0
2022-02-28;;;56.87074719935543;56.87074719935543;;148909.0
